question,context,answer,correctness,faithfulness,relevance,rationale
What does the 'people with disabilities symbol' refer to in the context of the Transport Operations (Road Use Management—Road Rules) Regulation 2009?,"[s 353A]
Transport Operations (Road Use Management—Road Rules) Regulation 2009
Part 21 General
Current as at 20 September 2024 Page 359
Authorised by the Parliamentary Counsel
353A People with disabilities symbols—Act, sch 4, definition 
people with disabilities symbol
For the Act, schedule 4, definition people with disabilities
symbol, the following symbols

[s 353A]
Transport Operations (Road Use Management—Road Rules) Regulation 2009
Part 21 General
Current as at 20 September 2024 Page 359
Authorised by the Parliamentary Counsel
353A People with disabilities symbols—Act, sch 4, definition 
people with disabilities symbol
For the Act, schedule 4, definition people with disabilities
symbol, the following symbols

[s 353A]
Transport Operations (Road Use Management—Road Rules) Regulation 2009
Part 21 General
Current as at 20 September 2024 Page 359
Authorised by the Parliamentary Counsel
353A People with disabilities symbols—Act, sch 4, definition 
people with disabilities symbol
For the Act, schedule 4, definition people with disabilities
symbol, the following symbols

[s 353A]
Transport Operations (Road Use Management—Road Rules) Regulation 2009
Part 21 General
Current as at 20 Se","Answer:
The 'people with disabilities symbol' refers to symbols that are defined for use under the Act, specifically Schedule 4. These symbols are used in road management and operations to indicate areas or facilities accessible to people with disabilities.

Source: [s 353A] Transport Operations (Road Use Management—Road Rules) Regulation 2009, Part 21 General, Current as at 20 September 2024, Page 359, Authorised by the Parliamentary Counsel",True,True,high,"The answer directly matches the definition provided in the context, which states that 'people with disabilities symbols' refer to symbols defined for use under the Act, specifically Schedule 4."
